City_ID,City,Country,Date,Lat,Lng,Max Temp,Humidity,Cloudiness,Wind Speed
0,Barrow,US,2022-10-18 18:55:35,71.2906,-156.7887,20.7,88,65,10.25
1,Busselton,AU,2022-10-18 18:55:35,-33.65,115.3333,52.5,92,8,8.28
2,Ushuaia,AR,2022-10-18 18:55:36,-54.8,-68.3,47.82,87,75,26.46
3,Upernavik,GL,2022-10-18 18:55:36,72.7868,-56.1549,29.17,79,100,17.09
4,Punta Arenas,CL,2022-10-18 18:54:46,-53.15,-70.9167,57.31,54,20,36.82
5,Riyadh,SA,2022-10-18 18:51:07,24.6877,46.7219,78.94,13,73,3.65
6,Cape Town,ZA,2022-10-18 18:53:05,-33.9258,18.4232,65.12,86,20,17.27
7,Bluff,NZ,2022-10-18 18:55:37,-46.6,168.3333,46.27,76,67,16.55
8,Tabou,CI,2022-10-18 18:55:38,4.423,-7.3528,77.63,86,33,5.88
9,East London,ZA,2022-10-18 18:55:38,-33.0153,27.9116,68.94,94,75,5.75
10,Ponta Do Sol,PT,2022-10-18 18:55:39,32.6667,-17.1,74.03,75,92,7.36
11,Hilo,US,2022-10-18 18:52:26,19.7297,-155.09,87.28,70,0,3.44
12,Kapaa,US,2022-10-18 18:55:39,22.0752,-159.319,79.48,88,4,1.01
13,Rikitea,PF,2022-10-18 18:55:40,-23.1203,-134.9692,68.41,65,0,21.25
14,Severo-Kurilsk,RU,2022-10-18 18:55:40,50.6789,156.125,40.37,66,50,32.23
15,Cherskiy,RU,2022-10-18 18:55:41,68.75,161.3,-1.05,95,100,6.35
16,Hambantota,LK,2022-10-18 18:55:41,6.1241,81.1185,79.14,89,99,3.44
17,Ahipara,NZ,2022-10-18 18:55:42,-35.1667,173.1667,56.12,77,52,13.09
18,Tayuman,PH,2022-10-18 18:55:42,14.5142,121.1622,78.85,92,100,5.75
19,Esperance,AU,2022-10-18 18:55:42,-33.8667,121.9,50.38,89,0,10.2
20,Ilulissat,GL,2022-10-18 18:55:43,69.2167,-51.1,33.48,99,100,3.33
21,Kodiak,US,2022-10-18 18:55:43,57.79,-152.4072,47.71,81,100,9.22
22,Chokurdakh,RU,2022-10-18 18:55:44,70.6333,147.9167,8.28,97,98,6.29
23,Leningradskiy,RU,2022-10-18 18:55:44,69.3833,178.4167,4.53,84,8,5.26
24,Fort Nelson,CA,2022-10-18 18:55:45,58.8053,-122.7002,38.79,81,75,3.44
25,Nortelandia,BR,2022-10-18 18:55:46,-14.4547,-56.8028,95.54,29,96,4.59
26,Athni,IN,2022-10-18 18:55:46,16.7333,75.0667,73.31,84,63,6.17
27,Hobart,AU,2022-10-18 18:55:46,-42.8794,147.3294,53.06,71,100,5.75
28,Mujiayingzi,CN,2022-10-18 18:55:47,42.1167,118.7833,38.19,25,0,7.18
29,Knysna,ZA,2022-10-18 18:55:48,-34.0363,23.0471,62.94,96,22,4.68
30,Seoul,KR,2022-10-18 18:55:48,37.5683,126.9778,44.04,87,0,2.3
31,Victor Harbor,AU,2022-10-18 18:55:49,-35.5667,138.6167,55.69,91,0,3.53
32,Vaini,TO,2022-10-18 18:55:49,-21.2,-175.2,73.56,100,75,5.75
33,Vanavara,RU,2022-10-18 18:55:51,60.34,102.2797,27.95,86,90,6.44
34,Bethel,US,2022-10-18 18:55:51,41.3712,-73.414,59.47,47,8,4.0
35,Pangai,TO,2022-10-18 18:52:20,-19.8,-174.35,77.11,78,75,13.8
36,Marzuq,YE,2022-10-18 18:55:53,14.4,46.4667,71.13,21,1,1.3
37,Harrisonburg,US,2022-10-18 18:51:13,38.4496,-78.8689,50.41,46,13,12.44
38,Rumonge,BI,2022-10-18 18:55:53,-3.9736,29.4386,74.64,73,100,5.97
39,Messina,IT,2022-10-18 18:55:54,38.1933,15.5497,70.45,76,3,6.91
40,Mayo,US,2022-10-18 18:55:54,38.8876,-76.5119,57.18,49,65,5.01
41,Ribeira Grande,PT,2022-10-18 18:55:55,38.5167,-28.7,61.2,72,75,20.71
42,Tupik,RU,2022-10-18 18:55:55,54.4253,119.9327,21.81,90,100,3.44
43,Mataura,NZ,2022-10-18 18:56:56,-46.1927,168.8643,38.34,93,71,2.01
44,Kotelnich,RU,2022-10-18 18:56:56,58.3089,48.348,41.9,98,100,4.0
45,New Norfolk,AU,2022-10-18 18:56:57,-42.7826,147.0587,52.72,62,100,2.62
46,Egvekinot,RU,2022-10-18 18:56:57,66.3167,-179.1667,15.8,94,100,6.51
47,Touros,BR,2022-10-18 18:56:58,-5.1989,-35.4608,81.34,69,31,17.65
48,Albany,US,2022-10-18 18:55:44,42.6001,-73.9662,58.39,59,44,1.01
49,Atuona,PF,2022-10-18 18:56:58,-9.8,-139.0333,76.62,69,6,15.73
50,Cidreira,BR,2022-10-18 18:56:59,-30.1811,-50.2056,65.12,94,100,16.2
51,Nikolskoye,RU,2022-10-18 18:56:59,59.7035,30.7861,46.29,87,100,7.9
52,Mamallapuram,IN,2022-10-18 18:57:00,12.6264,80.1722,84.25,80,92,1.34
53,Alofi,NU,2022-10-18 18:57:00,-19.0595,-169.9187,71.49,100,100,3.44
54,Sao Marcos,BR,2022-10-18 18:57:01,-28.9711,-51.0681,63.05,99,100,4.12
55,Te Anau,NZ,2022-10-18 18:57:01,-45.4167,167.7167,40.03,89,90,3.78
56,Dunedin,NZ,2022-10-18 18:53:36,-45.8742,170.5036,46.8,62,100,5.1
57,Saint George,US,2022-10-18 18:52:45,37.1041,-113.5841,73.94,26,0,3.44
58,Albert,FR,2022-10-18 18:57:02,50.0009,2.651,59.58,93,100,8.05
59,Harper,LR,2022-10-18 18:57:03,4.375,-7.7169,77.63,86,76,5.97
60,Marsh Harbour,BS,2022-10-18 18:57:03,26.5412,-77.0636,82.35,71,21,15.41
61,Camacha,PT,2022-10-18 18:54:06,33.0833,-16.3333,69.22,83,20,9.22
62,Haizhou,CN,2022-10-18 18:57:04,34.5817,119.1289,47.53,63,0,3.94
63,Itagi,BR,2022-10-18 18:57:04,-14.1628,-40.0061,88.83,29,99,10.22
64,Norilsk,RU,2022-10-18 18:57:05,69.3535,88.2027,33.42,98,100,15.55
65,Iqaluit,CA,2022-10-18 18:57:06,63.7506,-68.5145,26.33,73,75,16.11
66,Jacareacanga,BR,2022-10-18 18:57:06,-6.2222,-57.7528,87.21,56,97,3.91
67,Arman,RU,2022-10-18 18:57:07,59.7,150.1667,25.02,52,100,10.38
68,Mahebourg,MU,2022-10-18 18:57:07,-20.4081,57.7,70.09,73,40,9.22
69,Qaqortoq,GL,2022-10-18 18:57:08,60.7167,-46.0333,37.78,83,100,10.67
70,Saskylakh,RU,2022-10-18 18:57:08,71.9167,114.0833,14.29,92,100,10.22
71,Yellowknife,CA,2022-10-18 18:57:08,62.456,-114.3525,43.32,81,20,12.66
72,Mahon,ES,2022-10-18 18:57:09,39.8885,4.2658,72.16,88,75,2.3
73,Dorado,PR,2022-10-18 18:57:09,18.4588,-66.2677,91.26,52,40,8.05
74,Petropavlovsk-Kamchatskiy,RU,2022-10-18 18:57:10,53.0452,158.6483,37.99,52,20,11.18
75,Isangel,VU,2022-10-18 18:57:10,-19.55,169.2667,75.04,86,29,10.33
76,Zhanakorgan,KZ,2022-10-18 18:57:11,43.9098,67.2495,48.52,41,100,9.46
77,Pisco,PE,2022-10-18 18:55:13,-13.7,-76.2167,66.25,68,40,9.22
78,San Cristobal,VE,2022-10-18 18:57:12,7.7669,-72.225,80.78,62,85,1.03
79,Wanaka,NZ,2022-10-18 18:57:13,-44.7,169.15,44.11,65,74,1.99
80,Codrington,AU,2022-10-18 18:57:14,-38.2667,141.9667,49.42,88,0,5.41
81,Georgetown,MY,2022-10-18 18:54:54,5.4112,100.3354,80.53,92,40,2.3
82,Port Alfred,ZA,2022-10-18 18:54:14,-33.5906,26.891,68.18,92,49,3.0
83,Smithers,CA,2022-10-18 18:57:15,54.7804,-127.1743,48.52,76,75,5.75
84,Chuy,UY,2022-10-18 18:57:15,-33.6971,-53.4616,62.78,79,100,15.03
85,Riohacha,CO,2022-10-18 18:57:16,11.5444,-72.9072,87.91,74,20,11.5
86,Puerto Narino,CO,2022-10-18 18:57:17,-3.7703,-70.3831,85.62,63,90,2.86
87,Soverato,IT,2022-10-18 18:57:17,38.685,16.5499,67.15,84,5,6.78
88,Bredasdorp,ZA,2022-10-18 18:57:18,-34.5322,20.0403,60.84,96,89,5.79
89,Oume,JP,2022-10-18 18:57:18,35.7839,139.2431,54.86,88,100,3.4
90,Provideniya,RU,2022-10-18 18:57:19,64.3833,-173.3,25.18,76,10,3.71
91,Zhezkazgan,KZ,2022-10-18 18:58:19,47.8043,67.7144,40.98,45,75,4.47
92,Manzanares,ES,2022-10-18 18:58:20,38.9991,-3.3699,78.35,38,52,9.8
93,Jamestown,US,2022-10-18 18:58:20,42.097,-79.2353,42.39,90,100,16.11
94,Hirara,JP,2022-10-18 18:58:21,24.8,125.2833,74.75,70,100,29.04
95,Drugovo,MK,2022-10-18 18:58:21,41.4842,20.9233,45.36,49,0,1.88
96,Bandarbeyla,SO,2022-10-18 18:58:22,9.4942,50.8122,78.46,80,35,9.15
97,Aklavik,CA,2022-10-18 18:58:22,68.2191,-135.0107,26.6,93,100,3.44
98,Povenets,RU,2022-10-18 18:58:23,62.8487,34.8262,40.6,92,100,6.24
99,Butaritari,KI,2022-10-18 18:58:23,3.0707,172.7902,81.61,73,86,16.87
100,Praia Da Vitoria,PT,2022-10-18 18:58:24,38.7333,-27.0667,62.85,67,40,23.64
101,Isoka,ZM,2022-10-18 18:58:24,-10.1606,32.6335,69.51,36,78,4.36
102,Castro,BR,2022-10-18 18:58:25,-24.7911,-50.0119,62.6,91,100,4.81
103,Guerrero Negro,MX,2022-10-18 18:54:05,27.9769,-114.0611,80.71,47,0,2.98
104,Sainte-Marie,RE,2022-10-18 18:58:26,-20.8968,55.5496,68.41,85,75,1.14
105,Mont-Dore,NC,2022-10-18 18:58:26,-22.2833,166.5833,66.18,80,61,7.43
106,Yarmouth,US,2022-10-18 18:58:27,41.7057,-70.2286,67.14,91,75,10.36
107,Locri,IT,2022-10-18 18:58:27,38.2414,16.2623,64.31,82,0,7.09
108,Pio Xii,BR,2022-10-18 18:58:28,-3.8325,-45.1525,93.13,36,67,2.37
109,Dingle,PH,2022-10-18 18:58:28,10.9995,122.6711,76.32,92,96,3.24
110,Prince Rupert,CA,2022-10-18 18:55:17,54.3161,-130.3201,57.29,91,100,33.38
111,Port Lincoln,AU,2022-10-18 18:58:29,-34.7333,135.8667,58.08,91,1,9.84
112,Gonaives,HT,2022-10-18 18:58:29,19.45,-72.6833,85.82,65,27,6.26
113,Khatanga,RU,2022-10-18 18:58:30,71.9667,102.5,28.99,96,100,23.31
114,Scarborough,GB,2022-10-18 18:56:41,54.2797,-0.4044,52.66,83,27,1.99
115,Port Elizabeth,ZA,2022-10-18 18:56:30,-33.918,25.5701,71.1,91,20,8.05
116,Tromso,NO,2022-10-18 18:58:32,69.6496,18.957,37.42,87,75,5.75
117,Riberalta,BO,2022-10-18 18:58:33,-10.9833,-66.1,91.6,58,75,9.22
118,Geraldton,AU,2022-10-18 18:58:33,-28.7667,114.6,48.61,93,0,2.3
119,Padang,ID,2022-10-18 18:58:35,-0.9492,100.3543,77.77,84,100,2.55
120,Buzmeyin,TM,2022-10-18 18:58:35,38.0507,58.2056,58.73,77,100,13.8
121,Kloulklubed,PW,2022-10-18 18:58:35,7.0419,134.2556,75.7,72,100,13.09
122,Puerto Ayora,EC,2022-10-18 18:58:36,-0.7393,-90.3518,75.16,78,34,8.01
123,Port Hardy,CA,2022-10-18 18:58:36,50.6996,-127.4199,60.98,77,75,6.91
124,Haines Junction,CA,2022-10-18 18:58:37,60.7522,-137.5108,33.75,93,100,1.14
125,Qaanaaq,GL,2022-10-18 18:58:37,77.484,-69.3632,7.3,86,96,4.29
126,Fuyu,CN,2022-10-18 18:58:38,45.1833,124.8167,34.68,53,0,7.43
127,Kutum,SD,2022-10-18 18:58:38,14.2,24.6667,78.84,24,5,4.36
128,Ararat,AM,2022-10-18 18:58:38,39.8317,44.7049,62.94,48,2,5.28
129,Dikson,RU,2022-10-18 18:58:39,73.5069,80.5464,29.28,79,100,12.68
130,Faanui,PF,2022-10-18 18:58:39,-16.4833,-151.75,77.38,79,31,17.0
131,Sur,OM,2022-10-18 18:58:40,22.5667,59.5289,83.03,34,100,6.29
132,Puerto Madryn,AR,2022-10-18 18:58:40,-42.7692,-65.0385,74.14,26,0,28.59
133,Vardo,NO,2022-10-18 18:58:41,70.3705,31.1107,39.18,81,75,18.41
134,Margate,GB,2022-10-18 18:58:41,51.3813,1.3862,58.89,80,100,3.0
135,Caravelas,BR,2022-10-18 18:59:42,-17.7125,-39.2481,79.75,62,19,9.55
136,Yanam,IN,2022-10-18 18:59:42,16.7333,82.2167,77.95,83,100,4.12
137,Torbay,CA,2022-10-18 18:59:43,47.6666,-52.7314,55.27,96,100,11.5
138,Mitsamiouli,KM,2022-10-18 18:59:43,-11.3847,43.2844,75.7,78,1,8.66
139,Norman Wells,CA,2022-10-18 18:59:44,65.282,-126.8329,32.04,100,40,2.3
140,Jalu,LY,2022-10-18 18:59:44,29.0331,21.5482,69.19,43,1,7.74
141,Hermanus,ZA,2022-10-18 18:59:45,-34.4187,19.2345,63.81,85,63,10.56
142,Imbituba,BR,2022-10-18 18:58:54,-28.24,-48.6703,66.29,93,100,1.74
143,Camoapa,NI,2022-10-18 18:59:47,12.3839,-85.5116,82.62,71,92,4.68
144,Kavaratti,IN,2022-10-18 18:58:52,10.5669,72.642,79.02,80,100,20.45
145,Saint-Philippe,RE,2022-10-18 18:59:48,-21.3585,55.7679,67.59,78,44,9.1
146,Lagoa,PT,2022-10-18 18:59:49,39.05,-27.9833,64.17,50,100,31.32
147,Aitape,PG,2022-10-18 18:59:50,-3.1374,142.3475,78.1,87,96,4.36
148,Pao De Acucar,BR,2022-10-18 18:59:50,-9.7483,-37.4367,87.17,43,25,19.64
149,Mar Del Plata,AR,2022-10-18 18:56:57,-38.0023,-57.5575,62.62,85,40,20.71
150,Puerto Montt,CL,2022-10-18 18:59:51,-41.4698,-72.9447,68.83,56,0,10.36
151,Vila Velha,BR,2022-10-18 18:55:59,-20.3297,-40.2925,80.55,78,75,16.11
152,Verkhoyansk,RU,2022-10-18 18:59:52,67.5447,133.385,-1.57,100,100,2.37
153,Kirovohrad,UA,2022-10-18 18:59:52,48.5132,32.2597,52.36,40,36,8.79
154,Tuktoyaktuk,CA,2022-10-18 18:59:52,69.4541,-133.0374,28.4,93,100,10.36
155,Santa Cecilia,BR,2022-10-18 18:59:53,-26.9608,-50.4269,54.72,98,100,3.38
156,Hofn,IS,2022-10-18 18:59:53,64.2539,-15.2082,44.04,59,0,1.3
157,Katsuura,JP,2022-10-18 18:59:54,35.1333,140.3,57.83,83,100,19.64
158,Besikduzu,TR,2022-10-18 18:59:54,41.052,39.2284,64.29,88,51,3.51
159,Carnarvon,AU,2022-10-18 18:59:55,-24.8667,113.6333,66.6,80,0,13.27
160,Concordia,AR,2022-10-18 18:56:47,-31.393,-58.0209,75.27,54,75,11.99
161,Kaoma,ZM,2022-10-18 18:59:56,-14.7833,24.8,77.04,24,89,5.37
162,Ouadda,CF,2022-10-18 18:59:56,8.0777,22.4007,70.63,81,5,3.0
163,Beloha,MG,2022-10-18 18:59:58,-25.1667,45.05,69.44,76,7,20.11
164,Bengkulu,ID,2022-10-18 18:59:58,-3.8004,102.2655,75.2,90,100,4.45
165,Svetlaya,RU,2022-10-18 18:59:58,46.5389,138.3297,37.18,61,100,6.42
166,La Rioja,ES,2022-10-18 18:59:59,42.25,-2.5,65.98,51,100,7.34
167,Bom Jardim,BR,2022-10-18 19:00:03,-7.7958,-35.5872,79.95,57,74,14.38
168,San Lazaro,BZ,2022-10-18 19:00:04,18.0387,-88.6622,89.55,60,100,3.13
169,Makokou,GA,2022-10-18 19:00:05,0.5738,12.8642,70.68,97,99,1.14
170,Thompson,CA,2022-10-18 19:00:06,55.7435,-97.8558,43.32,50,47,13.78
171,Roma,US,2022-10-18 18:56:03,43.2128,-75.4557,52.95,62,100,1.01
172,Burgeo,CA,2022-10-18 19:00:09,47.6167,-57.6152,58.75,75,72,6.8
173,Tasiilaq,GL,2022-10-18 19:00:10,65.6145,-37.6368,33.01,82,100,2.71
174,Eruwa,NG,2022-10-18 19:00:11,7.5333,3.4167,78.24,80,73,3.38
175,Namwala,ZM,2022-10-18 19:00:12,-15.7504,26.4384,82.36,23,100,9.37
176,Lompoc,US,2022-10-18 19:00:13,34.6391,-120.4579,90.01,52,64,3.0
177,Mindelo,CV,2022-10-18 19:00:14,16.8901,-24.9804,78.71,78,96,13.09
178,Wanning,CN,2022-10-18 19:00:16,18.8003,110.3967,68.86,95,100,25.1
179,Seymchan,RU,2022-10-18 19:00:16,62.8833,152.4333,12.61,73,100,19.28
180,Kabalo,CD,2022-10-18 19:01:17,-6.05,26.9167,70.84,91,96,0.72
181,Timizart,DZ,2022-10-18 19:01:18,36.8,4.2667,75.76,40,0,5.53
182,Polyarnyy,RU,2022-10-18 19:01:20,69.1989,33.4478,40.82,76,100,21.47
183,Tuban,ID,2022-10-18 19:01:20,-6.8976,112.0649,78.06,87,100,3.94
184,Severomuysk,RU,2022-10-18 19:01:21,56.1481,113.4267,12.0,96,43,4.27
185,Zhigansk,RU,2022-10-18 19:01:22,66.7697,123.3711,14.41,93,100,7.07
186,Bubaque,GW,2022-10-18 19:01:22,11.2833,-15.8333,81.75,76,100,8.79
187,Ucluelet,CA,2022-10-18 19:01:23,48.9329,-125.5528,62.1,81,57,4.29
188,Nelson Bay,AU,2022-10-18 19:01:23,-32.7167,152.15,64.99,97,100,1.01
189,Axim,GH,2022-10-18 19:01:24,4.8699,-2.2405,77.97,85,60,5.91
190,Taoudenni,ML,2022-10-18 19:01:24,22.6783,-3.9836,92.62,13,92,4.41
191,Amherst,US,2022-10-18 19:00:24,41.3978,-82.2224,43.05,71,100,8.01
192,Okakarara,NA,2022-10-18 19:01:25,-20.5833,17.4333,77.36,29,92,6.4
193,Khani,GE,2022-10-18 19:01:25,41.9563,42.9566,53.17,78,0,5.5
194,Salalah,OM,2022-10-18 19:01:26,17.0151,54.0924,75.81,61,0,3.15
195,Jussara,BR,2022-10-18 19:01:27,-23.6214,-52.4694,74.52,76,100,8.75
196,Thinadhoo,MV,2022-10-18 19:01:27,0.5333,72.9333,80.64,75,100,9.15
197,Nantucket,US,2022-10-18 19:01:28,41.2835,-70.0995,65.08,94,100,11.5
198,Condoto,CO,2022-10-18 19:01:28,5.0935,-76.6497,78.82,93,99,4.79
199,Santiago Del Estero,AR,2022-10-18 19:01:29,-27.7951,-64.2615,68.86,52,91,5.03
200,Pacific Grove,US,2022-10-18 19:01:30,36.6177,-121.9166,80.28,65,72,6.51
201,Dhidhdhoo,MV,2022-10-18 19:01:30,6.8833,73.1,77.27,91,100,19.95
202,Cayenne,GF,2022-10-18 19:01:31,4.9333,-52.3333,86.04,70,75,16.11
203,Avarua,CK,2022-10-18 19:01:31,-21.2078,-159.775,77.05,65,40,16.11
204,Wajima,JP,2022-10-18 19:01:31,37.4,136.9,55.63,57,29,11.43
205,Tuatapere,NZ,2022-10-18 19:01:32,-46.1333,167.6833,42.64,88,86,4.92
206,Hopkinsville,US,2022-10-18 18:58:46,36.8656,-87.4886,52.32,54,5,14.58
207,Cairns,AU,2022-10-18 19:00:21,-16.9167,145.7667,73.35,93,40,8.05
208,Puerto Del Rosario,ES,2022-10-18 19:01:33,28.5004,-13.8627,74.95,83,0,12.66
209,Quzhou,CN,2022-10-18 19:01:33,28.9594,118.8686,49.21,71,0,6.49
210,Cabra,ES,2022-10-18 19:01:35,37.4725,-4.4421,76.77,39,100,4.27
211,Mobaye,CF,2022-10-18 19:00:17,4.319,21.1786,72.34,92,40,1.07
212,Bilibino,RU,2022-10-18 19:01:37,68.0546,166.4372,5.7,87,100,8.48
213,Ozernovskiy,RU,2022-10-18 19:01:37,51.5,156.5167,41.0,69,100,30.53
214,Komsomolskiy,UZ,2022-10-18 19:01:38,40.4272,71.7189,57.92,77,75,0.0
215,Hasaki,JP,2022-10-18 19:01:38,35.7333,140.8333,56.21,70,100,21.83
216,Kolyshley,RU,2022-10-18 19:01:39,52.7005,44.5367,52.86,77,100,19.08
217,Mantua,IT,2022-10-18 19:01:40,45.1667,10.7833,65.44,83,0,3.06
218,Undory,RU,2022-10-18 19:01:40,54.6085,48.3928,45.68,88,100,18.52
219,Marawi,PH,2022-10-18 18:58:36,7.9986,124.2928,69.89,94,100,1.12
220,Muros,ES,2022-10-18 19:01:41,42.7762,-9.0603,66.09,89,100,14.74
221,Fortuna,US,2022-10-18 19:01:41,40.5982,-124.1573,62.98,67,54,4.99
222,Sao Filipe,CV,2022-10-18 19:02:42,14.8961,-24.4956,80.94,79,31,7.25
223,Luderitz,NA,2022-10-18 19:02:42,-26.6481,15.1594,61.84,80,8,12.88
224,Vostochnyy,RU,2022-10-18 19:02:43,55.8167,37.8667,51.73,81,100,9.62
225,Tiksi,RU,2022-10-18 19:02:43,71.6872,128.8694,7.88,93,99,7.31
226,Tuy Hoa,VN,2022-10-18 19:02:44,13.0833,109.3,72.97,90,100,3.91
227,College,US,2022-10-18 19:02:44,64.8569,-147.8028,32.58,93,75,0.0
228,Copiapo,CL,2022-10-18 19:00:46,-27.3667,-70.3333,77.9,23,0,10.74
229,Mollendo,PE,2022-10-18 19:02:45,-17.0231,-72.0147,65.53,74,45,9.46
230,Chiang Khong,TH,2022-10-18 19:02:46,20.2613,100.4046,65.32,75,5,2.48
231,Nouadhibou,MR,2022-10-18 19:02:46,20.931,-17.0347,75.54,68,21,22.24
232,Flin Flon,CA,2022-10-18 19:02:47,54.7682,-101.865,49.37,34,35,10.63
233,Snyder,US,2022-10-18 19:02:47,32.7179,-100.9176,66.09,36,100,4.61
234,Shimoda,JP,2022-10-18 19:02:47,34.6667,138.95,56.1,85,100,17.45
235,San Quintin,MX,2022-10-18 19:02:48,30.4833,-115.95,74.7,63,1,8.32
236,Lebu,CL,2022-10-18 19:02:48,-37.6167,-73.65,57.15,73,42,7.07
237,Atambua,ID,2022-10-18 19:02:49,-9.1061,124.8925,76.05,84,96,1.28
238,Gorontalo,ID,2022-10-18 19:02:49,0.5412,123.0595,75.43,95,100,2.48
239,Road Town,VG,2022-10-18 19:00:11,18.4167,-64.6167,82.85,71,9,10.74
240,Sept-Iles,CA,2022-10-18 19:02:50,50.2001,-66.3821,47.05,97,100,23.02
241,Kuching,MY,2022-10-18 19:00:34,1.55,110.3333,75.42,100,20,0.0
242,Saint-Joseph,RE,2022-10-18 19:02:50,-21.3667,55.6167,66.58,77,37,9.57
243,Cap Malheureux,MU,2022-10-18 19:02:51,-19.9842,57.6142,68.47,69,29,3.0
244,Port Alberni,CA,2022-10-18 18:59:00,49.2413,-124.8028,64.89,67,6,1.43
245,Fairbanks,US,2022-10-18 18:59:03,64.8378,-147.7164,32.59,93,100,2.59
246,Grindavik,IS,2022-10-18 19:02:52,63.8424,-22.4338,45.07,70,100,13.8
247,Goundam,ML,2022-10-18 19:02:52,16.4145,-3.6708,93.6,12,4,11.95
248,Hithadhoo,MV,2022-10-18 19:02:53,-0.6,73.0833,81.27,70,100,6.29
249,Victoria,HK,2022-10-18 18:58:20,22.2855,114.1577,72.32,59,100,15.01
250,Lola,GN,2022-10-18 19:02:53,7.8,-8.5333,73.98,83,55,2.62
251,Krasne,UA,2022-10-18 19:02:54,49.9145,24.6134,54.9,77,100,7.14
252,Sola,VU,2022-10-18 19:01:24,-13.8833,167.55,80.92,77,21,14.76
253,Appleton,US,2022-10-18 18:59:04,44.2619,-88.4154,44.78,58,40,23.02
254,Tamandare,BR,2022-10-18 19:02:55,-8.7597,-35.1047,77.7,78,47,10.25
255,Airai,TL,2022-10-18 19:02:56,-8.9266,125.4092,61.72,91,100,1.45
256,Saint-Francois,FR,2022-10-18 19:02:56,46.4154,3.9054,63.84,77,0,5.75
257,Los Llanos De Aridane,ES,2022-10-18 19:02:56,28.6585,-17.9182,69.55,89,20,5.75
258,Talnakh,RU,2022-10-18 19:02:57,69.4865,88.3972,33.53,99,100,11.23
259,Mount Gambier,AU,2022-10-18 19:02:58,-37.8333,140.7667,48.78,96,0,4.21
260,Lloro,CO,2022-10-18 19:02:58,5.4961,-76.5495,81.09,88,99,4.32
261,Urumqi,CN,2022-10-18 19:00:06,43.801,87.6005,49.15,76,75,11.18
262,Berbera,SO,2022-10-18 19:02:59,10.4396,45.0143,82.0,56,0,1.97
263,Acapulco,MX,2022-10-18 19:01:59,16.8634,-99.8901,79.9,84,100,3.89
264,Kondinskoye,RU,2022-10-18 19:02:59,59.6481,67.41,39.42,89,100,8.99
265,Dhamtari,IN,2022-10-18 19:04:00,20.7072,81.5497,72.14,89,100,3.42
266,Beni,CD,2022-10-18 19:04:00,0.5,29.4667,63.55,98,93,1.34
267,Sao Jose Da Coroa Grande,BR,2022-10-18 19:04:01,-8.8978,-35.1478,78.04,77,35,10.78
268,Nuevo Progreso,MX,2022-10-18 19:04:01,23.1667,-97.95,68.47,76,100,25.52
269,Longyearbyen,SJ,2022-10-18 19:01:54,78.2186,15.6401,33.64,75,75,18.41
270,Hami,CN,2022-10-18 19:04:02,42.8,93.45,56.93,21,100,3.87
271,At-Bashi,KG,2022-10-18 19:04:03,41.1702,75.8106,40.26,97,100,3.58
272,Kijang,KR,2022-10-18 19:04:04,35.2442,129.2139,49.66,43,0,6.26
273,Mehamn,NO,2022-10-18 19:04:04,71.0357,27.8492,39.11,87,75,16.11
274,Asosa,ET,2022-10-18 19:04:05,10.0667,34.5333,59.76,93,100,2.75
275,Iranshahr,IR,2022-10-18 19:04:05,27.2025,60.6848,80.24,11,100,2.82
276,Paracuru,BR,2022-10-18 19:04:06,-3.41,-39.0306,81.1,64,30,16.15
277,Bull Savanna,JM,2022-10-18 19:04:07,17.8868,-77.5902,81.37,70,98,5.64
278,Bowen,AU,2022-10-18 19:04:07,-20.0167,148.2333,76.96,75,100,11.86
279,Malakal,SS,2022-10-18 19:04:08,9.5334,31.6605,75.38,84,30,1.07
280,Auki,SB,2022-10-18 19:04:08,-8.7676,160.7034,77.04,89,50,3.83
281,Lujan,AR,2022-10-18 19:04:10,-34.5703,-59.105,74.12,53,57,8.01
282,Itarema,BR,2022-10-18 19:00:00,-2.9248,-39.9167,82.74,66,24,20.74
283,Pavilosta,LV,2022-10-18 19:04:11,56.8879,21.1859,53.51,84,100,12.24
284,Kachiry,KZ,2022-10-18 19:04:12,53.0675,76.1036,42.12,69,99,8.1
285,Bonoua,CI,2022-10-18 19:01:19,5.2741,-3.595,80.22,87,18,4.79
286,Waingapu,ID,2022-10-18 19:04:13,-9.6567,120.2641,81.18,78,100,4.61
287,Minab,IR,2022-10-18 19:04:14,27.1467,57.0801,84.06,52,38,4.97
288,Mogadishu,SO,2022-10-18 19:04:15,2.0371,45.3438,78.06,82,32,12.97
289,Peniche,PT,2022-10-18 19:04:16,39.3558,-9.3811,67.28,95,100,18.05
290,Rundu,NA,2022-10-18 19:00:44,-17.9333,19.7667,75.69,37,41,4.59
291,Takoradi,GH,2022-10-18 19:04:17,4.8845,-1.7554,78.26,84,99,6.78
292,Waddan,LY,2022-10-18 19:04:17,29.1614,16.139,72.97,52,94,9.4
293,La Ronge,CA,2022-10-18 19:00:31,55.1001,-105.2842,58.82,40,67,6.26
294,Xai-Xai,MZ,2022-10-18 19:04:18,-25.0519,33.6442,72.86,83,30,8.3
295,Euclides Da Cunha,BR,2022-10-18 19:04:19,-10.5075,-39.0158,88.81,29,48,18.03
296,Hanzhong,CN,2022-10-18 19:04:19,33.0728,107.0303,55.27,73,0,1.45
297,Necochea,AR,2022-10-18 19:04:20,-38.5473,-58.7368,66.9,50,100,14.56
298,Mattru,SL,2022-10-18 19:04:20,7.6244,-11.8332,75.29,95,90,3.31
299,Henties Bay,NA,2022-10-18 19:04:21,-22.116,14.2845,59.85,86,4,5.35
300,Bitung,ID,2022-10-18 19:04:22,1.4451,125.1824,76.05,81,33,3.02
301,Baruun-Urt,MN,2022-10-18 19:04:22,46.6806,113.2792,36.05,23,7,12.64
302,Toropets,RU,2022-10-18 19:04:22,56.4978,31.6353,45.66,94,100,1.88
303,Chapais,CA,2022-10-18 19:04:23,49.7834,-74.8492,47.98,90,100,12.41
304,Merida,MX,2022-10-18 19:00:03,20.9667,-89.6167,85.01,76,100,4.0
305,Ambilobe,MG,2022-10-18 19:04:24,-13.2,49.05,71.87,65,17,5.19
306,Sonari,IN,2022-10-18 19:04:25,27.0667,95.0333,67.71,96,0,1.83
307,Ratnagiri,IN,2022-10-18 19:04:27,16.9833,73.3,78.6,87,99,4.29
308,Kavieng,PG,2022-10-18 19:05:27,-2.5744,150.7967,81.81,71,100,16.84
309,Broken Hill,AU,2022-10-18 19:05:28,-31.95,141.4333,55.08,89,100,17.56
310,Mongo,TD,2022-10-18 19:05:28,12.1844,18.693,90.14,28,82,5.44
311,Weligama,LK,2022-10-18 19:05:29,5.9667,80.4167,75.94,91,100,10.54
312,Tomter,NO,2022-10-18 19:05:29,59.65,11.0,42.19,93,2,4.68
313,Pryazha,RU,2022-10-18 19:05:30,61.6926,33.6216,40.69,89,100,2.84
314,Naze,JP,2022-10-18 19:05:30,28.3667,129.4833,69.78,77,100,18.7
315,Hamilton,US,2022-10-18 19:02:34,39.1834,-84.5333,45.39,64,100,18.41
316,Muroto,JP,2022-10-18 19:05:31,33.2833,134.15,62.85,69,13,15.5
317,Ballina,AU,2022-10-18 19:05:32,-28.8667,153.5667,65.01,93,100,7.43
318,Arraial Do Cabo,BR,2022-10-18 19:05:32,-22.9661,-42.0278,76.86,83,40,25.32
319,Kalmunai,LK,2022-10-18 19:05:32,7.4167,81.8167,80.08,79,100,5.73
320,Ust-Tsilma,RU,2022-10-18 19:05:33,65.441,52.1498,40.91,91,100,7.58
321,Leh,IN,2022-10-18 19:05:33,34.1667,77.5833,32.72,62,84,2.08
322,Chalons-En-Champagne,FR,2022-10-18 19:05:34,48.9539,4.3672,61.83,97,77,5.77
323,Port Moresby,PG,2022-10-18 19:05:34,-9.4431,147.1797,76.28,89,100,3.53
324,Mayskiy,RU,2022-10-18 19:05:35,47.6931,40.1025,47.61,48,14,5.75
325,Churapcha,RU,2022-10-18 19:05:35,62.0025,132.4325,6.69,100,95,3.44
326,Turukhansk,RU,2022-10-18 19:05:36,65.8167,87.9833,32.04,99,100,8.25
327,Batagay,RU,2022-10-18 19:05:36,67.6333,134.6333,-2.63,100,85,3.94
328,Fuerte Olimpo,PY,2022-10-18 19:05:37,-21.0415,-57.8738,74.71,94,100,2.8
329,Bambous Virieux,MU,2022-10-18 19:05:37,-20.3428,57.7575,70.05,73,40,9.22
330,Inuvik,CA,2022-10-18 19:05:37,68.3499,-133.7218,25.56,100,100,4.61
331,Warri,NG,2022-10-18 19:05:38,5.5167,5.75,78.76,86,100,4.74
332,Kahului,US,2022-10-18 19:04:16,20.8947,-156.47,84.22,63,20,5.75
333,Comodoro Rivadavia,AR,2022-10-18 19:05:38,-45.8667,-67.5,84.06,15,0,18.41
334,Guanica,PR,2022-10-18 19:05:39,17.9716,-66.908,86.52,83,6,10.87
335,Eustis,US,2022-10-18 19:05:39,28.8528,-81.6853,83.03,68,75,5.75
336,Mount Isa,AU,2022-10-18 19:05:40,-20.7333,139.5,71.37,100,27,1.14
337,Ust-Nera,RU,2022-10-18 19:05:40,64.5667,143.2,-3.87,100,100,1.3
338,Sitio Novo Do Tocantins,BR,2022-10-18 19:05:41,-5.5183,-47.4611,99.64,21,81,5.35
339,Kununurra,AU,2022-10-18 19:05:41,-15.7667,128.7333,78.78,78,79,3.44
340,Ihosy,MG,2022-10-18 19:05:42,-22.4,46.1167,62.62,86,7,12.21
341,Tagusao,PH,2022-10-18 19:05:42,9.1924,117.8141,79.05,87,96,6.13
342,Trogir,HR,2022-10-18 19:05:43,43.5125,16.2517,68.05,68,0,13.8
343,Acajutla,SV,2022-10-18 19:05:43,13.5928,-89.8275,83.55,74,93,6.55
344,Nova Russas,BR,2022-10-18 19:05:43,-4.7067,-40.5631,95.81,25,89,7.29
345,Goundi,TD,2022-10-18 19:05:44,9.3627,17.366,76.62,77,34,3.2
346,Olginskaya,RU,2022-10-18 19:05:45,47.1879,39.9492,52.93,38,78,4.36
347,Port Blair,IN,2022-10-18 19:05:45,11.6667,92.75,79.48,84,100,1.86
348,Santa Cruz Del Sur,CU,2022-10-18 19:05:46,20.7147,-77.9956,84.94,65,7,7.31
349,Kaya,BF,2022-10-18 19:05:46,13.0917,-1.0844,88.39,21,5,2.21
350,Fayaoue,NC,2022-10-18 19:05:47,-20.65,166.5333,75.4,77,58,16.96
351,Vostok,RU,2022-10-18 19:05:47,46.4856,135.8833,26.67,75,3,5.57
352,Monrovia,LR,2022-10-18 19:00:53,6.3005,-10.7969,76.77,82,19,6.15
353,Bontang,ID,2022-10-18 19:05:48,0.1333,117.5,77.61,90,100,4.63
354,Amuntai,ID,2022-10-18 19:05:48,-2.4177,115.2494,74.34,98,100,0.89
355,Orahovac,XK,2022-10-18 19:06:49,42.3994,20.6547,46.26,54,40,1.5
356,Merauke,ID,2022-10-18 19:06:49,-8.4667,140.3333,76.35,92,100,7.83
357,Rorvik,NO,2022-10-18 19:06:49,64.8621,11.2373,42.91,87,75,8.05
358,Marseille,FR,2022-10-18 19:05:07,43.3333,5.5,65.88,65,0,3.74
359,Burgos,ES,2022-10-18 19:06:50,42.3394,-3.7079,68.41,45,0,11.5
360,Mabay,PH,2022-10-18 19:06:51,6.0577,124.4666,79.2,85,100,4.41
361,San Andres,CO,2022-10-18 19:06:51,12.5847,-81.7006,86.02,74,40,9.22
362,Rongcheng,CN,2022-10-18 19:06:51,30.634,117.8517,47.14,49,0,3.74
363,Korla,CN,2022-10-18 19:06:52,41.7597,86.1469,54.19,20,98,2.42
364,Korem,ET,2022-10-18 19:06:52,12.5058,39.5228,58.23,59,32,6.06
365,Maragogi,BR,2022-10-18 19:06:53,-9.0122,-35.2225,78.39,76,24,10.38
366,Mahibadhoo,MV,2022-10-18 19:02:01,3.7833,72.9667,81.34,76,100,15.39
367,Saldanha,ZA,2022-10-18 19:06:53,-33.0117,17.9442,61.07,92,100,15.97
368,Estelle,US,2022-10-18 19:06:54,29.8458,-90.1067,66.0,34,75,11.5
369,Cabo San Lucas,MX,2022-10-18 19:06:54,22.8909,-109.9124,87.19,61,20,14.97
370,Alexandria,EG,2022-10-18 19:04:06,31.2156,29.9553,73.4,72,6,10.85
371,Port Hawkesbury,CA,2022-10-18 19:06:08,45.6169,-61.3485,67.91,93,15,3.0
372,Novouzensk,RU,2022-10-18 19:06:55,50.4592,48.1431,53.15,52,100,19.13
373,Sao Felix Do Xingu,BR,2022-10-18 19:06:56,-6.6447,-51.995,89.55,45,69,5.44
374,Ngunguru,NZ,2022-10-18 19:06:56,-35.6167,174.5,53.62,79,15,9.71
375,Vila Franca Do Campo,PT,2022-10-18 19:06:57,37.7167,-25.4333,63.01,71,100,17.29
376,Viljoenskroon,ZA,2022-10-18 19:06:57,-27.2084,26.9485,66.18,60,41,2.91
377,Rocha,UY,2022-10-18 19:06:57,-34.4833,-54.3333,63.75,76,100,14.94
378,Gamba,GA,2022-10-18 19:06:58,-2.65,10.0,77.72,85,100,9.31
379,Yizheng,CN,2022-10-18 19:06:58,24.6706,103.4296,43.63,76,88,4.09
380,Nabisar,PK,2022-10-18 19:06:59,25.0685,69.6419,80.29,39,1,8.93
381,Price,US,2022-10-18 19:06:59,39.5994,-110.8107,69.12,19,0,3.44
382,Bathsheba,BB,2022-10-18 19:06:59,13.2167,-59.5167,88.41,66,20,11.5
383,Akle,PH,2022-10-18 19:07:00,15.0482,121.0733,75.79,98,100,3.44
384,Chalmette,US,2022-10-18 19:07:01,29.9427,-89.9634,66.0,33,0,16.11
385,Yulara,AU,2022-10-18 19:07:01,-25.2406,130.9889,58.71,70,0,8.43
386,Melo,UY,2022-10-18 19:07:01,-32.3667,-54.1833,66.09,84,93,17.43
387,Nome,US,2022-10-18 19:07:02,64.5011,-165.4064,35.67,87,100,0.0
388,Pevek,RU,2022-10-18 19:07:03,69.7008,170.3133,2.44,95,100,4.81
389,Majene,ID,2022-10-18 19:06:51,-3.5403,118.9707,77.88,84,100,1.83
390,Sangar,RU,2022-10-18 19:07:04,63.9242,127.4739,13.93,87,100,5.82
391,Saint-Pierre,RE,2022-10-18 19:07:05,-21.3393,55.4781,67.91,73,0,5.75
392,Celendin,PE,2022-10-18 19:07:05,-6.8703,-78.1517,61.32,57,88,5.08
393,The Valley,AI,2022-10-18 19:07:06,18.217,-63.0578,86.83,74,20,9.22
394,Alegrete,BR,2022-10-18 19:07:06,-29.7831,-55.7919,74.05,68,91,15.17
395,Ust-Kuyga,RU,2022-10-18 19:07:07,70.0167,135.6,3.42,100,100,6.35
396,Puerto Baquerizo Moreno,EC,2022-10-18 19:07:08,-0.9,-89.6,74.39,69,20,16.11
397,Coihaique,CL,2022-10-18 19:07:09,-45.5752,-72.0662,69.75,16,0,8.05
398,Sal Rei,CV,2022-10-18 19:07:09,16.1833,-22.9167,86.2,51,75,9.22
399,Kiunga,PG,2022-10-18 19:07:10,-6.1219,141.2906,70.93,98,100,2.39
400,Husavik,IS,2022-10-18 19:07:10,66.0449,-17.3389,36.59,78,100,9.84
401,Beringovskiy,RU,2022-10-18 19:06:44,63.05,179.3167,39.27,90,100,28.25
402,Abu Zabad,SD,2022-10-18 19:07:11,12.35,29.25,84.63,31,11,5.79
403,Ancud,CL,2022-10-18 19:07:43,-41.8697,-73.8203,74.23,71,67,6.96
404,Half Moon Bay,US,2022-10-18 19:08:12,37.4636,-122.4286,78.96,63,0,3.44
405,Narsaq,GL,2022-10-18 19:07:40,60.9167,-46.05,35.82,78,100,8.95
406,Gizo,SB,2022-10-18 19:08:13,-8.103,156.8419,81.21,77,87,4.92
407,Sitka,US,2022-10-18 19:08:13,57.0531,-135.33,58.89,77,100,13.8
408,Mitzic,GA,2022-10-18 19:08:14,0.7821,11.549,69.98,97,100,3.0
409,Nishihara,JP,2022-10-18 19:08:14,26.1842,127.7558,72.68,68,100,24.16
410,Mega,ET,2022-10-18 19:08:15,4.05,38.3,61.45,79,47,6.46
411,Rabo De Peixe,PT,2022-10-18 19:08:15,37.8,-25.5833,62.11,93,40,20.71
412,Sao Joao Da Barra,BR,2022-10-18 19:08:16,-21.6403,-41.0511,82.49,80,14,15.99
413,Havre-Saint-Pierre,CA,2022-10-18 19:08:17,50.2334,-63.5986,48.56,100,100,16.11
414,Lorengau,PG,2022-10-18 19:08:17,-2.0226,147.2712,82.99,70,100,12.91
415,Nikolsk,RU,2022-10-18 19:08:18,53.7189,46.0712,45.16,90,100,18.66
416,Nagahama,JP,2022-10-18 19:08:18,35.3833,136.2667,54.66,37,0,5.23
417,Katobu,ID,2022-10-18 19:08:19,-4.9408,122.5276,75.38,93,88,2.1
418,Biltine,TD,2022-10-18 19:08:19,14.5333,20.9167,86.99,18,2,8.21
419,Teahupoo,PF,2022-10-18 19:08:20,-17.8333,-149.2667,75.16,81,34,15.21
420,Abay,KZ,2022-10-18 19:08:22,49.6311,72.8539,37.78,62,61,6.2
421,Menongue,AO,2022-10-18 19:08:22,-14.6585,17.691,72.61,38,72,4.21
422,Kenai,US,2022-10-18 19:08:23,60.5544,-151.2583,44.15,89,40,16.11
423,Gasa,PS,2022-10-18 19:08:24,31.5,34.4667,68.88,62,5,4.99
424,Sechura,PE,2022-10-18 19:08:24,-5.5569,-80.8222,74.98,56,27,15.01
425,Olinda,BR,2022-10-18 19:04:07,-8.0089,-34.8553,80.33,69,75,11.5
426,Gemena,CD,2022-10-18 19:08:25,3.25,19.7667,71.15,95,91,1.79
427,Washington,US,2022-10-18 19:04:39,47.5001,-120.5015,71.15,24,0,3.69
428,Millinocket,US,2022-10-18 19:08:27,45.6573,-68.7098,60.91,100,100,8.05
429,Boguchany,RU,2022-10-18 19:08:27,58.3814,97.4531,34.47,93,100,5.44
430,Buraydah,SA,2022-10-18 19:04:30,26.326,43.975,77.4,13,67,2.3
431,Tigil,RU,2022-10-18 19:08:28,57.8,158.6667,25.7,93,100,12.08
432,Yasnyy,RU,2022-10-18 19:08:29,51.0333,59.8742,39.16,68,20,11.32
433,Bucerias,MX,2022-10-18 19:04:44,20.75,-105.3333,88.99,70,100,8.05
434,Santa Isabel,BR,2022-10-18 19:08:30,-23.3156,-46.2214,67.3,98,100,7.52
435,Palmer,US,2022-10-18 19:08:30,42.1584,-72.3287,61.63,42,9,1.99
436,Sungai Besar,MY,2022-10-18 19:08:30,3.6746,100.9867,76.66,91,49,4.56
437,Ambam,CM,2022-10-18 19:08:31,2.3833,11.2833,69.71,97,100,1.16
438,Olafsvik,IS,2022-10-18 19:08:31,64.8945,-23.7142,44.62,80,98,16.35
439,Stornoway,GB,2022-10-18 19:08:32,58.2093,-6.3865,49.96,84,20,11.5
440,Hunfeld,DE,2022-10-18 19:08:32,50.6797,9.7673,58.73,99,79,2.64
441,Pangkalanbuun,ID,2022-10-18 19:08:33,-2.6833,111.6167,74.53,97,100,2.98
442,Itabera,BR,2022-10-18 19:08:33,-23.8619,-49.1372,64.74,89,100,6.53
443,Ifo,NG,2022-10-18 19:08:16,6.8144,3.1958,77.7,86,80,6.71
444,Morondava,MG,2022-10-18 19:08:34,-20.2833,44.2833,77.56,81,12,12.41
445,Tual,ID,2022-10-18 19:08:34,-5.6667,132.75,83.84,72,99,6.38
446,Veraval,IN,2022-10-18 19:09:36,20.9,70.3667,81.16,68,49,4.5
447,Yashkino,RU,2022-10-18 19:09:37,55.8736,85.4265,35.78,96,100,8.52
448,Port Hedland,AU,2022-10-18 19:09:38,-20.3167,118.5667,66.25,72,0,6.91
449,Baykit,RU,2022-10-18 19:06:36,61.67,96.37,30.67,90,98,4.34
450,Tchollire,CM,2022-10-18 19:09:38,8.4022,14.1698,71.71,93,99,3.02
451,Sulangan,PH,2022-10-18 19:09:40,11.1373,123.7228,82.83,75,100,7.0
452,Choya,RU,2022-10-18 19:09:40,52.0108,86.5467,38.32,96,99,3.2
453,Okhotsk,RU,2022-10-18 19:09:41,59.3833,143.3,22.62,55,3,21.03
454,Labuhan,ID,2022-10-18 19:09:41,-6.8844,112.2051,77.92,87,100,5.3
455,Neuquen,AR,2022-10-18 19:06:54,-38.9516,-68.0591,72.57,35,100,17.0
456,Sorland,NO,2022-10-18 19:09:42,67.667,12.6934,46.26,63,100,14.47
457,Montepuez,MZ,2022-10-18 19:09:42,-13.1256,38.9997,74.28,59,69,7.81
458,Burnie,AU,2022-10-18 19:09:42,-41.0667,145.9167,46.94,80,7,5.77
459,Eyl,SO,2022-10-18 19:09:43,7.9803,49.8164,79.41,76,39,14.52
460,Coquimbo,CL,2022-10-18 19:08:47,-29.9533,-71.3436,62.33,63,0,12.66
461,Campohermoso,ES,2022-10-18 19:09:44,36.9357,-2.1337,75.11,74,71,7.2
462,Kropotkin,RU,2022-10-18 19:09:44,45.4375,40.5756,54.57,71,0,5.99
463,Rupert,US,2022-10-18 19:09:45,42.6191,-113.6772,66.15,32,0,4.61
464,Nadvoitsy,RU,2022-10-18 19:09:45,63.8667,34.3167,35.94,91,62,6.87
465,Rockport,US,2022-10-18 19:09:46,28.0206,-97.0544,65.03,89,0,10.36
466,Shelburne,CA,2022-10-18 19:09:46,44.0787,-80.2041,41.31,85,100,11.86
467,Parsabad,IR,2022-10-18 19:09:46,39.6482,47.9174,59.07,74,97,10.31
468,Wladyslawowo,PL,2022-10-18 19:09:47,54.7909,18.4009,53.94,81,2,18.52
469,Abashiri,JP,2022-10-18 19:09:47,44.0213,144.2697,43.95,83,92,10.65
470,Manzanillo,CU,2022-10-18 19:05:40,20.3433,-77.1167,85.05,67,65,8.03
471,Kaitangata,NZ,2022-10-18 19:09:48,-46.2817,169.8464,41.52,78,71,7.05
472,Farafangana,MG,2022-10-18 19:09:48,-22.8167,47.8333,69.89,82,16,6.33
473,Tetouan,MA,2022-10-18 19:06:00,35.5711,-5.3724,70.57,78,75,4.61
474,Hermosillo,MX,2022-10-18 19:09:49,29.0667,-110.9667,90.91,34,0,6.91
475,Chernyshevskiy,RU,2022-10-18 19:09:49,63.0128,112.4714,24.37,91,100,7.14
476,Ouidah,BJ,2022-10-18 19:09:50,6.3631,2.0851,78.28,86,93,7.63
477,San Rafael,AR,2022-10-18 19:09:50,-34.6177,-68.3301,52.39,93,100,8.3
478,Kuragino,RU,2022-10-18 19:09:51,53.8975,92.6725,37.6,82,100,4.9
479,Mokhsogollokh,RU,2022-10-18 19:09:52,61.4681,128.9203,19.81,99,100,1.79
480,Juneau,US,2022-10-18 19:05:11,58.3019,-134.4197,52.11,100,100,10.36
481,Daru,PG,2022-10-18 19:09:53,-9.0763,143.2092,79.2,85,48,7.7
482,Iralaya,HN,2022-10-18 19:09:53,15.0,-83.2333,84.25,72,57,6.85
483,Tarrafal,CV,2022-10-18 19:09:54,15.2833,-23.7667,81.39,85,91,11.07
484,West Wendover,US,2022-10-18 19:09:54,40.7391,-114.0733,68.95,16,0,2.71
485,Saint-Michel-Des-Saints,CA,2022-10-18 19:09:55,46.6834,-73.9159,47.93,88,100,0.78
486,Doha,QA,2022-10-18 19:08:37,25.2867,51.5333,85.98,62,0,2.3
487,Clyde River,CA,2022-10-18 19:09:56,70.4692,-68.5914,17.91,89,99,9.13
488,Faya,SA,2022-10-18 19:09:57,18.3851,42.4509,64.92,31,96,7.63
489,Poum,NC,2022-10-18 19:08:50,-20.2333,164.0167,75.45,79,8,8.46
490,Olden,NO,2022-10-18 19:09:57,61.8364,6.8064,45.34,87,99,5.53
491,San Patricio,US,2022-10-18 19:07:36,28.017,-97.5169,66.09,26,100,10.8
492,Lodja,CD,2022-10-18 19:09:58,-3.4833,23.4333,70.07,95,100,1.16
493,Ketchikan,US,2022-10-18 19:10:58,55.3422,-131.6461,58.98,94,100,12.66
494,Berberati,CF,2022-10-18 19:10:59,4.2612,15.7922,70.02,95,100,1.48
495,Sobolevo,RU,2022-10-18 19:10:59,54.4299,31.8996,52.3,87,100,6.87
496,Harindanga,IN,2022-10-18 19:11:00,22.0383,88.3214,76.59,78,98,4.5
497,Ixtapa,MX,2022-10-18 19:11:01,20.7,-105.2,87.22,70,100,8.05
498,Oskarshamn,SE,2022-10-18 19:11:02,57.2645,16.4484,51.98,84,92,11.97
499,Helena,US,2022-10-18 19:08:20,46.5927,-112.0361,68.18,47,0,0.0
500,Nurota,UZ,2022-10-18 19:10:40,40.5614,65.6886,51.55,38,100,7.45
501,Aswan,EG,2022-10-18 19:11:04,24.0934,32.907,82.89,28,2,17.0
502,Antofagasta,CL,2022-10-18 19:11:04,-23.65,-70.4,61.88,67,19,8.32
503,North Platte,US,2022-10-18 19:09:15,41.1239,-100.7654,52.07,28,0,8.01
504,Manicore,BR,2022-10-18 19:11:05,-5.8092,-61.3003,79.81,72,99,3.13
505,Hervey Bay,AU,2022-10-18 19:11:05,-25.2986,152.8535,68.02,85,100,11.01
506,Kearney,US,2022-10-18 19:11:06,40.6995,-99.0815,45.16,24,0,6.91
507,Yukhnov,RU,2022-10-18 19:11:06,54.7444,35.2297,51.98,86,100,7.47
508,Mbarara,UG,2022-10-18 19:11:08,-0.608,30.65,63.86,93,100,0.34
509,Waycross,US,2022-10-18 19:10:20,31.2136,-82.354,66.45,28,0,10.36
510,Kirakira,SB,2022-10-18 19:11:08,-10.4544,161.9205,79.57,83,50,5.53
511,Saint-Augustin,CA,2022-10-18 19:11:09,51.226,-58.6502,55.72,69,100,4.34
512,Santa Cruz,BO,2022-10-18 19:07:01,-17.8,-63.1667,80.06,61,75,11.5
513,Bogorodskoye,RU,2022-10-18 19:11:09,56.55,37.8833,42.42,88,100,8.66
514,Salinopolis,BR,2022-10-18 19:11:10,-0.6136,-47.3561,84.07,70,90,16.8
515,Adrar,MR,2022-10-18 19:11:10,20.5022,-10.0711,92.64,11,100,9.17
516,Xining,CN,2022-10-18 19:06:47,36.6167,101.7667,44.11,41,100,0.94
517,Peterhead,GB,2022-10-18 19:08:03,57.5058,-1.7981,46.45,81,100,8.72
518,Timmins,CA,2022-10-18 19:11:11,48.4669,-81.3331,35.64,98,100,11.07
519,Valparaiso,CL,2022-10-18 19:09:10,-33.0393,-71.6273,64.63,83,0,11.5
520,Vila Do Maio,CV,2022-10-18 19:11:12,15.1333,-23.2167,81.39,85,16,10.78
521,Mendoza,AR,2022-10-18 19:10:27,-32.8908,-68.8272,54.93,82,40,11.5
522,Nkowakowa,ZA,2022-10-18 19:11:12,-23.8878,30.2871,74.64,49,89,3.58
523,Lazarev,RU,2022-10-18 19:11:13,52.225,141.5131,33.57,67,65,21.79
524,Grand-Santi,GF,2022-10-18 19:11:13,4.25,-54.3833,89.28,48,97,4.52
525,Chake Chake,TZ,2022-10-18 19:11:14,-5.2459,39.7666,74.12,83,0,9.37
526,Neiafu,TO,2022-10-18 19:11:14,-18.65,-173.9833,79.48,83,75,9.22
527,Sterling,US,2022-10-18 19:06:55,39.0062,-77.4286,55.4,46,100,18.41
528,Abidjan,CI,2022-10-18 19:11:15,5.3094,-4.0197,80.56,89,20,9.22
529,Arica,CL,2022-10-18 19:07:35,-18.475,-70.3042,74.75,63,0,14.97
530,New Ulm,US,2022-10-18 19:11:16,44.3125,-94.4605,39.43,39,0,14.97
531,Nampula,MZ,2022-10-18 19:11:16,-15.1165,39.2666,75.15,73,0,10.36
532,Lincoln,US,2022-10-18 19:07:52,40.8,-96.667,45.28,38,0,6.91
533,Karratha,AU,2022-10-18 19:11:17,-20.7377,116.8463,73.13,72,0,6.73
534,Port Said,EG,2022-10-18 19:11:17,31.2565,32.2841,74.97,64,6,4.05
535,Joshimath,IN,2022-10-18 19:06:58,30.5667,79.5667,50.32,72,34,5.53
536,Lavrentiya,RU,2022-10-18 19:11:19,65.5833,-171.0,24.4,78,5,1.57
537,Luwingu,ZM,2022-10-18 19:11:19,-10.2621,29.9271,76.32,22,14,8.86
538,Pangnirtung,CA,2022-10-18 19:11:20,66.1451,-65.7125,18.45,78,6,10.51
539,Siuna,NI,2022-10-18 19:11:20,13.7332,-84.7773,88.86,54,23,3.87
540,Katangli,RU,2022-10-18 19:12:21,51.7102,143.2326,31.3,73,13,18.86
541,Ostrovnoy,RU,2022-10-18 19:12:21,68.0531,39.5131,40.55,80,100,27.51
542,Nemuro,JP,2022-10-18 19:12:22,43.3236,145.575,43.99,81,10,14.52
543,Tura,IN,2022-10-18 19:08:29,25.5198,90.2201,68.25,87,0,3.91
544,Bloomsburg,US,2022-10-18 19:12:22,41.0037,-76.4549,50.7,65,100,1.01
545,Kumylzhenskaya,RU,2022-10-18 19:12:23,49.8809,42.5898,54.99,45,100,16.51
546,Ipixuna,BR,2022-10-18 19:12:23,-1.7625,-48.8043,82.58,76,100,0.83
547,Banda Aceh,ID,2022-10-18 19:12:24,5.5577,95.3222,78.98,82,100,14.65
548,Hohhot,CN,2022-10-18 19:12:24,40.8106,111.6522,41.29,29,0,2.66
549,Myingyan,MM,2022-10-18 19:12:25,21.4667,95.3833,75.65,89,57,3.96
550,Fredericton,CA,2022-10-18 19:12:25,45.9454,-66.6656,65.01,85,100,11.5
551,Brzesko,PL,2022-10-18 19:12:26,49.9691,20.6061,62.58,76,72,5.86
552,Gat,IL,2022-10-18 19:12:26,31.61,34.7642,74.08,100,3,4.29
553,Yazoo City,US,2022-10-18 19:12:26,32.8551,-90.4056,53.71,19,0,14.76
554,Russell,US,2022-10-18 19:12:28,32.3502,-85.1999,56.8,23,69,12.3
555,Abu Samrah,SY,2022-10-18 19:12:28,35.3029,37.1841,69.48,63,0,6.69
556,Batagay-Alyta,RU,2022-10-18 19:12:29,67.8006,130.4114,-2.38,90,26,4.36
557,Marshall,US,2022-10-18 19:12:30,34.3834,-86.3333,52.32,46,40,16.11
558,Amarante,BR,2022-10-18 19:12:30,-6.2411,-42.8547,102.96,17,60,7.78
559,Alice Springs,AU,2022-10-18 19:12:30,-23.7,133.8833,60.35,72,0,10.36
560,Nara,JP,2022-10-18 19:12:31,34.6851,135.8049,54.5,66,0,0.6
561,Salisbury,GB,2022-10-18 19:12:31,51.0693,-1.7957,61.02,76,75,11.5
562,Shiraz,IR,2022-10-18 19:11:55,29.6036,52.5388,62.04,25,99,0.0
563,High Prairie,CA,2022-10-18 19:09:40,55.4334,-116.4858,66.51,28,0,7.9
564,Kichera,RU,2022-10-18 19:12:33,55.9375,110.0997,32.92,97,100,3.09
565,Tipuani,BO,2022-10-18 19:12:34,-15.5648,-68.0185,83.79,59,70,3.29
566,Trinidad,BO,2022-10-18 19:10:24,-14.8333,-64.9,78.78,94,40,17.27
567,Rosario,AR,2022-10-18 19:09:38,-32.9468,-60.6393,75.11,54,100,11.5
568,Celestun,MX,2022-10-18 19:08:08,20.8667,-90.4,81.28,75,100,3.56
569,Alta Floresta,BR,2022-10-18 19:12:35,-9.8756,-56.0861,91.51,42,100,4.94
570,Bonnyville,CA,2022-10-18 19:12:36,54.2668,-110.735,63.72,24,100,6.73
571,Nalut,LY,2022-10-18 19:12:36,30.3333,10.85,70.92,35,0,9.93
572,Briancon,FR,2022-10-18 19:08:16,44.9,6.65,57.36,80,2,2.15
573,Renfrew,GB,2022-10-18 19:12:37,55.872,-4.3925,52.52,81,100,9.22
574,Polunochnoye,RU,2022-10-18 19:12:37,60.8697,60.4153,38.21,92,100,6.22
575,General Roca,AR,2022-10-18 19:12:38,-39.0333,-67.5833,77.63,33,88,18.32
576,Erzin,TR,2022-10-18 19:12:38,36.9559,36.2,68.92,82,12,1.79
577,Nouakchott,MR,2022-10-18 19:08:40,18.0858,-15.9785,85.93,61,100,7.65
578,Peno,RU,2022-10-18 19:12:39,56.9262,32.7426,42.8,92,100,4.65
579,Vypolzovo,RU,2022-10-18 19:12:39,57.8767,33.6986,42.64,94,100,6.29
580,Sunrise Manor,US,2022-10-18 19:08:44,36.2111,-115.0731,84.29,17,0,11.5
581,Benidorm,ES,2022-10-18 19:12:40,38.5382,-0.131,74.41,88,100,6.69
